,lastmonth_activity,lastyear_activity,number_of_employees
count,5.0,5.0,5.0
mean,76.6,3100.4,227.2
std,96.13948200401332,5232.801907200386,433.7138457554704
min,0.0,3.0,2.0
25%,14.0,333.0,10.0
50%,34.0,675.0,25.0
75%,101.0,2145.0,99.0
max,234.0,12346.0,1000.0
